#,competition_id,code,fetch_status,label,name,name_gr,rank,nobet_count,overall_match_count,overall_rating,overall_score,overall_tip_count,tipsdnb,tips_lost,tips_won,unknown_count,season,type,country,overall_coefficient,new_coefficient
1,131,england-premier-league,PARTLY_FETCHED,"",Чемпионат Англии. Премьер-лига,ΑΓΓΛΙΑ - ΠΡΕΜΙΕΡ ΛΙΓΚ,58,174,691,220,198.9667243397368,510,6,295,209,7,_2021_2022,LEAGUE,2,192.85460126957025,200.72307230532002
2,2377,austria-bundesliga,PARTLY_FETCHED,"",Чемпионат Австрии. Бундеслига,ΑΥΣΤΡΙΑ - Α ΑΥΣΤΡΙΑΣ,64,87,279,187,150.3886704944833,187,7,105,75,5,_2021_2022,LEAGUE,7,66.64730034072421,80.30299647181484
3,20997,italy-super-cup,PARTLY_FETCHED,"",Супер Кубок Италии,ΙΤΑΛΙΑ - ΣΟΥΠΕΡ ΚΑΠ ΙΤΑΛΙΑΣ,91,0,3,41,43.34452895538931,3,0,3,0,0,_2021_2022,CUP,5,0.7222222222222222,0
4,1225,peru-primera-division,PARTLY_FETCHED,"",Чемпионат Перу,ΠΕΡΟΥ - Α ΠΕΡΟΥ,60,83,177,212,178.79206085522628,94,1,48,45,0,_2021_2022,LEAGUE,32,32.17916042674227,44.315545334774264
5,567,denmark-superliga,PARTLY_FETCHED,"",Чемпионат Дании. Суперлига,ΔΑΝΙΑ - Α ΔΑΝΙΑΣ,32,84,244,339,181.39906213798554,155,3,77,75,5,_2021_2022,LEAGUE,9,39.11566641948788,96.7063729454437
6,29344,world-friendly,PARTLY_FETCHED,"",Сборные - Товарищеские,ΔΙΕΘΝΗ - ΦΙΛΙΚΑ,999,2,2,0,0,0,0,0,0,0,_2021_2022,INTERNATIONAL,2929,0,0
7,998,argentina-a,PARTLY_FETCHED,"",Чемпионат Аргентины. Примера,ΑΡΓΕΝΤΙΝΗ - Α ΑΡΓΕΝΤΙΝΗΣ,44,141,478,284,234.0930545611104,323,5,154,164,14,_2021_2022,LEAGUE,23,102.78346034138264,120.98265355851531
8,20996,spain-super-cup,PARTLY_FETCHED,"",Супер Кубок Испании,ΙΣΠΑΝΙΑ - ΣΟΥΠΕΡ ΚΑΠ ΙΣΠΑΝΙΑΣ,92,2,5,41,43.309726088005796,3,0,3,0,0,_2021_2022,CUP,4,0.6774193548387097,0
9,29345,fifa-wc-qualifiers-afrika,PARTLY_FETCHED,"",Отборочные чемпионата мира - Африка,ΔΙΕΘΝΗ - ΠΡΟΚΡΙΜΑΤΙΚΑ ΜΟΥΝΤΙΑΛ ΑΦΡΙΚΗΣ,14,1,16,586,572.9735343459532,15,0,3,12,0,_2021_2022,INTERNATIONAL,2929,5.2754545454545445,10.252727272727276
10,29277,fifa-wc-qualifiers-north-america,PARTLY_FETCHED,"",Отборочные чемпионата мира - Северная Америка,ΔΙΕΘΝΗ - ΠΡΟΚΡΙΜΑΤΙΚΑ ΜΟΥΝΤΙΑΛ ΒΟΡΕΙΟΥ ΑΜΕΡΙΚΗΣ,53,2,18,249,258.8823706250953,16,1,6,9,0,_2021_2022,INTERNATIONAL,2929,10.83936063936064,7.515384615384615
11,1515,serbia-a,PARTLY_FETCHED,,Чемпионат Сербии,ΣΕΡΒΙΑ,1000,0,0,0,0,0,0,0,0,0,_2021_2022,LEAGUE,50,0,0
12,29276,fifa-wc-qualifiers-asia,PARTLY_FETCHED,"",Отборочные чемпионата мира - Асия,ΔΙΕΘΝΗ - ΠΡΟΚΡΙΜΑΤΙΚΑ ΜΟΥΝΤΙΑΛ ΑΣΙΑΣ,88,6,24,58,41.29743721673424,18,0,15,3,0,_2021_2022,INTERNATIONAL,2929,4.365457204242053,10.456361149110805
13,278,germany-bundesliga,PARTLY_FETCHED,"",Чемпионат Германии. Бундеслига,ΓΕΡΜΑΝΙΑ - Α ΓΕΡΜΑΝΙΑΣ,52,146,577,260,166.57509805710876,425,3,257,165,6,_2021_2022,LEAGUE,2253,158.84078020121171,192.87008516724958
14,29278,fifa-wc-qualifiers-europe,PARTLY_FETCHED,"",Отборочные чемпионата мира - Европа,ΔΙΕΘΝΗ - ΠΡΟΚΡΙΜΑΤΙΚΑ ΜΟΥΝΤΙΑΛ ΕΥΡΩΠΗΣ,67,4,10,167,177.51489795918366,6,0,3,3,0,_2021_2022,INTERNATIONAL,2929,3.604897959183673,0
15,1088,brazil-serie-b,PARTLY_FETCHED,"",Чемпионат Бразилии. Лига B,ΒΡΑΖΙΛΙΑ - Β ΒΡΑΖΙΛΙΑΣ,57,226,366,222,111.34126754378082,112,5,66,41,28,_2021_2022,LEAGUE,25,27.580030414994074,67.85691262747694
16,1487,ukraine,PARTLY_FETCHED,,Чемпионат Украини,ΟΥΚΡΑΝΙΑ,1000,0,0,0,0,0,0,0,0,0,_2021_2022,LEAGUE,48,0,0
17,674,norway-obos-ligaen,PARTLY_FETCHED,"",Чемпионат Норвегии. 1-й дивизион,ΝΟΡΒΗΓΙΑ - Β ΝΟΡΒΗΓΙΑΣ,46,72,378,277,133.4389487419391,304,4,174,126,2,_2021_2022,LEAGUE,13,75.90620604152195,128.25368638169147
18,359,spain-laliga-2,PARTLY_FETCHED,"",Чемпионат Испании. Второй дивизион,ΙΣΠΑΝΙΑ - Β ΙΣΠΑΝΙΑΣ,30,306,617,358,248.4774365836871,293,2,139,152,18,_2021_2022,LEAGUE,4,105.51359721507056,145.3863039039888
19,953,czech-a,PARTLY_FETCHED,"",Чемпионат Чехии,ΤΣΕΧΙΑ - Α ΤΣΕΧΙΑΣ,24,87,342,427,242.17198007593225,251,3,111,137,4,_2021_2022,LEAGUE,2307,64.13060698424403,131.61680999010164
20,1294,japan-b,PARTLY_FETCHED,,Чемпионат Японии. Второй дивизион,Β ΙΑΠΩΝΙΑΣ,1000,0,0,0,0,0,0,0,0,0,_2021_2022,LEAGUE,35,0,0
21,539,belgium-jupiler-league,PARTLY_FETCHED,"",Чемпионат Бельгии. Премьер-лига,ΒΕΛΓΙΟ - Α ΒΕΛΓΙΟΥ,66,163,553,168,258.3050022461422,380,3,194,183,10,_2021_2022,LEAGUE,2379,165.3112908980062,132.7164880753046
22,1558,egypt-premier-league,PARTLY_FETCHED,,Чемпионат Египта,ΑΙΓΥΠΤΟΣ,1000,0,0,0,0,0,0,0,0,0,_2021_2022,LEAGUE,53,0,0
23,2046,england-comunity-shield,PARTLY_FETCHED,,Чемпионат Англии. Комюнити шилд,ΑΓΓΛΙΑ - ΚΟΜΙΟΥΝΙΤΙ ΣΙΛΝΤ,10,0,3,690,697.9469801980198,3,0,0,3,0,_2021_2022,LEAGUE,2,2.8,0
24,29279,fifa-wc-qualifiers-south-america,PARTLY_FETCHED,"",Отборочные чемпионата мира - Южная Америка,ΔΙΕΘΝΗ - ΠΡΟΚΡΙΜΑΤΙΚΑ ΜΟΥΝΤΙΑΛ ΝΟΤΙΟΥ ΑΜΕΡΙΚΗΣ,38,7,16,311,307.0393599334996,9,0,3,6,0,_2021_2022,INTERNATIONAL,2929,1.8466666666666667,3.6399999999999997
25,80,europa-league,PARTLY_FETCHED,"",Лига Европы УЕФА,ΔΙΕΘΝΗ - ΓΙΟΥΡΟΠΑ ΛΙΓΚ,70,100,305,153,192.05702721812497,205,3,104,98,0,_2021_2022,INTERNATIONAL,2929,65.68107492786687,51.69311631350011
26,130,greece-cup,PARTLY_FETCHED,"",Кубок Греции,ΕΛΛΑΔΑ - ΚΥΠΕΛΛΟ ΕΛΛΑΔΑΣ,68,23,93,160,137.9660254167252,70,1,39,30,0,_2021_2022,CUP,14091,17.666184127047607,25.910565130417964
27,733,poland-ekstraklasa,PARTLY_FETCHED,"",Чемпионат Польшы,ΠΟΛΩΝΙΑ - Α ΠΟΛΩΝΙΑΣ,55,153,501,229,112.84589045860517,344,1,224,119,4,_2021_2022,LEAGUE,15,113.6639276569519,156.0653778307069
28,1643,south-africa-a,PARTLY_FETCHED,,Чемпионат Южной Африки,ΝOTIA ΑΦΡΙΚΗ,1000,0,0,0,0,0,0,0,0,0,_2021_2022,LEAGUE,58,0,0
29,808,russia-fnl,PARTLY_FETCHED,,Чемпионат России. ФНЛ,Β ΡΩΣΙΑΣ,1000,0,0,0,0,0,0,0,0,0,_2021_2022,LEAGUE,17,0,0
30,1474,hungary-a,PARTLY_FETCHED,,Чемпионат Венгрии,ΟΥΓΓΑΡΙΑ,1000,0,0,0,0,0,0,0,0,0,_2021_2022,LEAGUE,47,0,0
31,1461,wales-premier-league,PARTLY_FETCHED,,Чемпионат Уэльс,ΟΥΑΛΙΑ,1000,0,0,0,0,0,0,0,0,0,_2021_2022,LEAGUE,46,0,0
32,1212,paraguay-primera-division,PARTLY_FETCHED,"",Чемпионат Парагвая,ΠΑΡΑΓΟΥΑΗ - Α ΠΑΡΑΓΟΥΑΗΣ,83,21,90,90,78.80552257845311,69,0,48,21,0,_2021_2022,LEAGUE,2133,20.97441872209725,25.119183744346092
33,566,belgian-cup,PARTLY_FETCHED,"",Кубок Бельгии,ΒΕΛΓΙΟ - ΚΥΠΕΛΛΟ ΒΕΛΓΙΟΥ,94,8,25,16,6.432078928970268,16,1,15,0,1,_2021_2022,CUP,2379,2.6071039133550284,6.152818255714823
34,383,italy-serie-a,PARTLY_FETCHED,"",Чемпионат Италии. Серия А,ΙΤΑΛΙΑ - Α ΙΤΑΛΙΑΣ,41,192,687,303,182.50613020435398,489,2,269,218,6,_2021_2022,LEAGUE,5,144.93546152541617,188.89153612304634
35,2318,scotland-premiersip,PARTLY_FETCHED,"",Чемпионат Шотландии. Премьер-лига,ΣΚΩΤΙΑ - ΠΡΕΜΙΕΡΣΙΠ,40,100,393,309,173.86370030783976,290,5,156,129,3,_2021_2022,LEAGUE,18,89.19232491773721,138.68947175766078
36,1975,england-championship,PARTLY_FETCHED,"",Чемпионат Англии. Чемпионшип,ΑΓΓΛΙΑ - ΤΣΑΜΠΙΟΝΣΙΠ,19,285,1080,499,125.38626139814586,792,5,511,276,3,_2021_2022,LEAGUE,2,245.2869582595353,381.4884858830411
37,791,russia-premier-league,PARTLY_FETCHED,"",Чемпионат России. Премьер-лига,ΡΩΣΙΑ - Α ΡΩΣΙΑΣ,62,69,288,206,147.85329727399443,214,1,120,93,5,_2021_2022,LEAGUE,17,59.01965707896924,80.2922188171812
38,316,germany-liga-3,PARTLY_FETCHED,,Чемпионат Германии. Бундеслига 3,Γ ΓΕΡΜΑΝΙΑΣ,1000,0,0,0,0,0,0,0,0,0,_2021_2022,LEAGUE,2253,0,0
39,1677,tunisia-a,PARTLY_FETCHED,,Чемпионат Туниса,ΤΥΝΗΣΙΑ,1000,0,0,0,0,0,0,0,0,0,_2021_2022,LEAGUE,60,0,0
40,896,sweden-superettan,PARTLY_FETCHED,"",Чемпионат Швеции. Супэрэттан,ΣΟΥΗΔΙΑ - Β ΣΟΥΗΔΙΑΣ,49,55,428,264,107.74130019138613,369,2,242,125,4,_2021_2022,LEAGUE,19,119.66709213410454,176.7468284953436
41,1052,bolivia-division-profesional,PARTLY_FETCHED,,Чемпионат Боливии,Α ΒΟΛΙΒΙΑΣ,1000,0,0,0,0,0,0,0,0,0,_2021_2022,LEAGUE,24,0,0
42,1532,slovakia-a,PARTLY_FETCHED,,Чемпионат Словакии,ΣΛΟΒΑΚΙΑ,1000,0,0,0,0,0,0,0,0,0,_2021_2022,LEAGUE,51,0,0
43,404,italy-serie-b,PARTLY_FETCHED,"",Чемпионат Италии. Серия B,ΙΤΑΛΙΑ - Β ΙΤΑΛΙΑΣ,51,161,805,261,234.4129823423162,641,4,359,278,3,_2021_2022,LEAGUE,5,240.0518886226973,249.95050552862122
44,275,england-fa-cup,PARTLY_FETCHED,"",Кубок Англии. FA CUP,ΑΓΓΛΙΑ - FA CUP,81,48,225,105,116.66972301920893,161,3,98,60,16,_2021_2022,CUP,2,49.0996558542761,44.994740411406234
45,1979,england-league-2,PARTLY_FETCHED,"",Чемпионат Англии. Лига 2,ΑΓΓΛΙΑ - ΛΙΓΚ 2,11,206,1162,673,259.5784816106616,946,38,475,433,10,_2021_2022,LEAGUE,2,278.94933369360103,429.3943205879701
46,1319,china-a,PARTLY_FETCHED,"",Чемпионат Китая,ΚΙΝΑ - Α ΚΙΝΑΣ,59,60,118,219,104.6094915439748,58,1,36,21,0,_2021_2022,LEAGUE,36,15.266268090854014,56.873128072169756
47,879,sweden-allsvenskan,PARTLY_FETCHED,"",Чемпионат Швеции. Аллсвенскан,ΣΟΥΗΔΙΑ - Α ΣΟΥΗΔΙΑΣ,79,83,410,123,88.60363713227702,321,1,218,102,6,_2021_2022,LEAGUE,19,99.83346864681972,112.49603281054195
48,865,scotland-league2,PARTLY_FETCHED,,Чемпионат Шотландии. Лига 2,ΣΚΩΤΙΑ - ΛΙΓΚ 2,1000,0,0,0,0,0,0,0,0,0,_2021_2022,LEAGUE,18,0,0
49,11669,finland-baraz,PARTLY_FETCHED,"",Чемпионат Финляндии - Бараж,ΦΙΝΛΑΝΔΙΑ - ΜΠΑΡΑΖ,93,0,7,21,23.4750110481086,6,0,6,0,1,_2021_2022,LEAGUE,22,1.1660310195779302,0.5169082125603864
50,538,austria-ofb-cup,PARTLY_FETCHED,"",Кубок Австрии,ΑΥΣΤΡΙΑ - ΚΥΠΕΛΛΟ ΑΥΣΤΡΙΑΣ,1000,9,9,0,0,0,0,0,0,0,_2021_2022,CUP,7,0,0
51,1889,england-league-1,PARTLY_FETCHED,"",Чемпионат Англии. Лига 1,ΑΓΓΛΙΑ - ΛΙΓΚ 1,12,259,1106,639,263.39422804435554,840,27,401,412,7,_2021_2022,LEAGUE,2,228.97578994580078,365.5904245878155
52,382,spain-copa-del-rey,PARTLY_FETCHED,"",Кубок Испании,ΙΣΠΑΝΙΑ - ΚΥΠΕΛΛΟ ΙΣΠΑΝΙΑΣ,71,24,54,145,124.0798304679114,30,0,18,12,0,_2021_2022,CUP,4,11.543917790373285,19.48343486790032
53,2935,north-america-champions-league,PARTLY_FETCHED,"",Лига чемпионов Северная Америка,ΔΙΕΘΝΗ - ΤΣ. ΛΙΓΚ Β. ΑΜΕΡΙΚΗΣ,6,6,24,737,704.8529042148726,18,0,3,15,0,_2021_2022,INTERNATIONAL,2929,5.862131147540984,17.740000000000002
54,1261,chile-cup,PARTLY_FETCHED,,Кубок Чили,ΚΥΠΕΛΛΟ ΧΙΛΗΣ,1000,0,0,0,0,0,0,0,0,0,_2021_2022,CUP,2136,0,0
55,1262,asia-afc-champions-league,PARTLY_FETCHED,,Лига Чемпиоов Азии,ΤΣΑΜΠΙΟΝΣ ΛΙΓΚ ΑΣΙΑΣ,1000,0,0,0,0,0,0,0,0,0,_2021_2022,INTERNATIONAL,2929,0,0
56,1136,ecuador-serie-a,PARTLY_FETCHED,"",Чемпионат Эквадора,ΙΣΗΜΕΡΙΝΟΣ - Α ΙΣΗΜΕΡΙΝΟΥ,75,63,167,137,140.01412497630682,99,2,55,42,5,_2021_2022,LEAGUE,2239,27.106871807229858,26.13128574144564
57,2254,germany-dfb-pokal,PARTLY_FETCHED,"",Кубок Германии,ΓΕΡΜΑΝΙΑ - ΚΥΠΕΛΛΟ ΓΕΡΜΑΝΙΑΣ,69,14,53,158,156.35339949636878,39,0,21,18,0,_2021_2022,CUP,2253,13.251193680830376,13.862206699231843
58,711,netherlands-eerste-divisie,PARTLY_FETCHED,"",Чемпионат Голландии. Второй дивизион,ΟΛΛΑΝΔΙΑ - Β ΟΛΛΑΝΔΙΑΣ,13,193,698,639,203.16808474103522,488,10,227,251,17,_2021_2022,LEAGUE,2270,89.77784001492672,248.49673056868141
59,1934,france-ligue-2,PARTLY_FETCHED,"",Чемпионат Франции. Вторая лига,ΓΑΛΛΙΑ - Β ΓΑΛΛΙΑΣ,25,173,660,423,176.05388353707292,487,3,277,207,0,_2021_2022,LEAGUE,6,154.74704673264142,244.8830696850285
60,1356,nations-league-c,PARTLY_FETCHED,"",Лига Наций УЕФА група C,ΔΙΕΘΝΗ - NATIONS LEAGUE GROUP C,8,3,6,697,695.8619801980199,3,0,0,3,0,_2021_2022,INTERNATIONAL,2929,0.7,1.4
61,1195,uruguay-primera-division,PARTLY_FETCHED,"",Чемпионат Уругвая,ΟΥΡΟΥΓΟΥΑΗ - Α ΟΥΡΟΥΓΟΥΑΗΣ,76,39,150,133,97.83975546119323,111,0,72,39,0,_2021_2022,LEAGUE,2171,32.17850905659115,45.11732780189431
62,878,scotland-challenge-cup,PARTLY_FETCHED,,Кубок Шотландии. CHALLENGE CUP,ΣΚΩΤΙΑ - ΤΣΑΛΕΝΤΖ ΚΑΠ,1000,0,0,0,0,0,0,0,0,0,_2021_2022,CUP,18,0,0
63,630,ireland-division-1,PARTLY_FETCHED,,Чемпионат Ирландии. Первый дивизион,Β ΙΡΛΑΝΔΙΑΣ,1000,0,0,0,0,0,0,0,0,0,_2021_2022,LEAGUE,11,0,0
64,2815,south-korea-k-league-1,PARTLY_FETCHED,"",Чемпионат Южной Кореи,Ν. ΚΟΡΕΑ - A N. ΚΟΡΕΑΣ,33,69,281,336,153.0804388329725,211,1,120,90,1,_2021_2022,LEAGUE,2814,68.95028306072226,135.81627360079995
65,1175,mexico-primera-division,PARTLY_FETCHED,"",Чемпионат Мексики,ΜΕΞΙΚΟ - Α ΜΕΞΙΚΟΥ,21,142,613,452,205.55466701041695,469,7,257,205,2,_2021_2022,LEAGUE,29,166.0696177875186,255.81966259051075
66,276,england-league-cup,PARTLY_FETCHED,"",Кубок Англии. LEAGUE CUP,ΑΓΓΛΙΑ - ΛΙΓΚ ΚΑΠ,89,28,117,52,49.74349598412206,89,2,66,21,0,_2021_2022,CUP,2,21.688269152305914,22.791664353395
67,1357,nations-league-group-d,PARTLY_FETCHED,"",Лига Наций УЕФА група D,ΔΙΕΘΝΗ - NATIONS LEAGUE GROUP D,1000,0,0,0,0,0,0,0,0,0,_2021_2022,INTERNATIONAL,2929,0,0
68,1350,south-korea-cup,PARTLY_FETCHED,"",Кубок Южной Кореи,Ν. ΚΟΡΕΑ - ΚΥΠΕΛΛΟ Ν. ΚΟΡΕΑΣ,90,0,4,44,33.83439061271397,4,0,4,0,0,_2021_2022,CUP,2814,0.4949494949494949,4.454545454545454
69,751,portugal-primeira-liga,PARTLY_FETCHED,"",Чемпионат Португалии. Примера,ΠΟΡΤΟΓΑΛΙΑ - Α ΠΟΡΤΟΓΑΛΙΑΣ,39,163,526,310,109.87021475634259,358,1,225,132,5,_2021_2022,LEAGUE,2246,99.97030280554397,172.8503561511927
70,1153,colombia-liga-aguila,PARTLY_FETCHED,"",Чемпионат Колумбии,ΚΟΛΟΜΒΙΑ - Α ΚΟΛΟΜΒΙΑΣ,17,141,484,502,228.7650350470671,343,4,165,174,0,_2021_2022,LEAGUE,28,103.52765476877063,203.09184556593695
71,829,russian-cup,PARTLY_FETCHED,,Кубок России,ΚΥΠΕΛΛΟ ΡΩΣΙΑΣ,1000,0,0,0,0,0,0,0,0,0,_2021_2022,CUP,17,0,0
72,997,copa-sudamericana,PARTLY_FETCHED,"",Кубок судамерикана,ΔΙΕΘΝΗ - ΣΟΥΝΤΑΜΕΡΙΚΑΝΑ,26,91,238,419,196.98492797523696,147,0,72,75,0,_2021_2022,INTERNATIONAL,2929,40.634132193837154,121.42851115082385
73,1948,switzerland-super-league,PARTLY_FETCHED,"",Чемпионат Швейцариию. Лига A,ΕΛΒΕΤΙΑ - Α ΕΛΒΕΤΙΑΣ,23,72,298,434,307.4596672484384,226,7,90,129,0,_2021_2022,LEAGUE,10,85.81790810109197,131.83325347285012
74,1275,japan-a,PARTLY_FETCHED,"",Чемпионат Японии,ΙΑΠΩΝΙΑ - Α ΙΑΠΩΝΙΑΣ,31,123,435,341,132.38651908586309,300,9,180,111,12,_2021_2022,LEAGUE,35,97.82054068687958,173.78270906039245
75,227,england-national,PARTLY_FETCHED,,Чемпионат Англии. Национал,ΑΓΓΛΙΑ - ΝΑΣΙΟΝΑΛ ΛΙΓΚ,1000,0,0,0,0,0,0,0,0,0,_2021_2022,LEAGUE,2,0,0
76,933,turkey-b,PARTLY_FETCHED,,Чемпионат Турции. Первая лига,Β ΤΟΥΡΚΙΑΣ,1000,0,0,0,0,0,0,0,0,0,_2021_2022,LEAGUE,20,0,0
77,424,italy-serie-c,PARTLY_FETCHED,,Чемпионат Италии. Серия C,Γ ΙΤΑΛΙΑΣ,1000,0,0,0,0,0,0,0,0,0,_2021_2022,LEAGUE,5,0,0
78,1359,copa-america,PARTLY_FETCHED,,Кубок Америки,ΚΟΠΑ ΑΜΕΡΙΚΑ,1000,0,0,0,0,0,0,0,0,0,_2021_2022,INTERNATIONAL,2929,0,0
79,1135,usa-cup,PARTLY_FETCHED,"",Кубок США,ΗΠΑ - ΚΥΠΕΛΛΟ ΗΠΑ,1000,0,0,0,0,0,0,0,0,0,_2021_2022,CUP,26,0,0
80,277,england-league-trophy,PARTLY_FETCHED,"",Кубок Англии. LEAGUE TROPHY,ΑΓΓΛΙΑ - ΛΙΓΚ ΤΡΟΦΙ,86,7,23,61,52.63754587713081,16,1,12,3,0,_2021_2022,CUP,2,4.123268398268398,7.4
81,2937,conference-league,PARTLY_FETCHED,"",Лига конференции,ΔΙΕΘΝΗ - ΚΟΝΦΕΡΕΝΣ ΛΙΓΚ,63,127,392,195,148.87694889350715,265,1,150,114,0,_2021_2022,INTERNATIONAL,2929,74.58604034440444,91.55131888437171
82,1067,brazil-serie-a,PARTLY_FETCHED,"",Чемпионат Бразилии. Лига A,ΒΡΑΖΙΛΙΑ - Α ΒΡΑΖΙΛΙΑΣ,47,194,407,272,190.39262981276624,179,3,88,88,34,_2021_2022,LEAGUE,25,46.767629812766245,76.5591855337279
83,1375,northern-ireland-premiership,PARTLY_FETCHED,,Чемпионат Северной Ирландии,ΒΟΡΕΙΑ ΙΡΛΑΝΔΙΑ,1000,0,0,0,0,0,0,0,0,0,_2021_2022,LEAGUE,39,0,0
84,297,germany-bundesliga-2,PARTLY_FETCHED,"",Чемпионат Германии. Бундеслига 2,ΓΕΡΜΑΝΙΑ - Β ΓΕΡΜΑΝΙΑΣ,15,157,527,543,188.00783028031722,368,0,200,168,2,_2021_2022,LEAGUE,2253,117.75214076238277,246.8843404946875
85,1110,usa-major-league-soccer,PARTLY_FETCHED,"",Чемпионат США. MLS,ΗΠΑ - MLS,20,146,585,472,217.12046713870484,423,5,217,201,16,_2021_2022,LEAGUE,26,136.20891468698244,229.17835340295895
86,1318,japan-league-cup,PARTLY_FETCHED,"",Кубок Японии. Лига куп,ΙΑΠΩΝΙΑ - ΛΙΓΚ ΚΑΠ,77,32,94,127,56.681446848057035,62,2,45,15,0,_2021_2022,CUP,35,15.697076059098109,41.32992604031432
87,971,finland-veikkausliiga,PARTLY_FETCHED,"",Чемпионат Финляндии. Высшая лига,ΦΙΝΛΑΝΔΙΑ - Α ΦΙΝΛΑΝΔΙΑΣ,29,77,197,368,271.3021385684766,120,3,48,69,0,_2021_2022,LEAGUE,22,36.23244156786449,71.58143322835943
88,115,greece-division-c,PARTLY_FETCHED,,Чемпионат Греции. Лига 3,Γ ΕΘΝΙΚΗ,1000,0,0,0,0,0,0,0,0,0,_2021_2022,LEAGUE,14091,0,0
89,914,turkey-super-lig,PARTLY_FETCHED,"",Чемпионат Турции. Суперлига,ΤΟΥΡΚΙΑ - Α ΤΟΥΡΚΙΑΣ,5,156,734,799,270.654167558812,578,19,263,296,0,_2021_2022,LEAGUE,20,166.22999612591175,358.67766713740644
90,657,norway-eliteserien,PARTLY_FETCHED,"",Чемпионат Норвегии. Элитсерия,ΝΟΡΒΗΓΙΑ - Α ΝΟΡΒΗΓΙΑΣ,42,69,395,291,185.55697761469827,320,5,164,151,6,_2021_2022,LEAGUE,13,86.06902082420073,124.70423519429903
91,252,england-national-league-north-south,PARTLY_FETCHED,,Чемпионат Англии. Юго-восточная национал,ΝΑΣΙΟΝΑΛ ΛΙΓΚ ΝΟΡΘ/ΣΑΟΥΘ,1000,0,0,0,0,0,0,0,0,0,_2021_2022,LEAGUE,2,0,0
92,1355,nations-league-b,PARTLY_FETCHED,"",Лига Наций УЕФА група B,ΔΙΕΘΝΗ - NATIONS LEAGUE GROUP B,1000,0,0,0,0,0,0,0,0,0,_2021_2022,INTERNATIONAL,2929,0,0
93,789,taca-de-portugal,PARTLY_FETCHED,"",Кубок Португалии,ΠΟΡΤΟΓΑΛΙΑ - ΚΥΠΕΛΛΟ ΠΟΡΤΟΓΑΛΙΑΣ,85,10,28,64,40.833872412276996,18,0,15,3,0,_2021_2022,CUP,2246,3.8818923997848187,12.569458253120953
94,81,greece-a,PARTLY_FETCHED,"",Чемпионат Греции. Лига 1 (Суперлига),ΕΛΛΑΔΑ - ΣΟΥΠΕΡ ΛΙΓΚ,35,134,410,324,201.27035421933812,269,3,133,133,7,_2021_2022,LEAGUE,14091,74.73035421933814,119.41903168787242
95,1351,world-cup,PARTLY_FETCHED,"",Чемпионат Мира,ΔΙΕΘΝΗ - ΜΟΥΝΤΙΑΛ,82,145,479,105,151.08801514116124,260,0,146,114,74,_2021_2022,INTERNATIONAL,2929,70.78566189988514,54.35569328297836
96,1363,friendly-international,PARTLY_FETCHED,,Товарищеские матчи сборные,ΦΙΛΙΚΑ ΕΘΝΙΚΩΝ,1000,0,0,0,0,0,0,0,0,0,_2021_2022,FRIENDLY,2929,0,0
97,1500,romania-a,PARTLY_FETCHED,,Чемпионат Румынии,ΡΟΥΜΑΝΙΑ,1000,0,0,0,0,0,0,0,0,0,_2021_2022,LEAGUE,49,0,0
98,854,scotland-league1,PARTLY_FETCHED,,Чемпионат Шотландии. Лига 1,ΣΚΩΤΙΑ - ΛΙΓΚ 1,1000,0,0,0,0,0,0,0,0,0,_2021_2022,LEAGUE,18,0,0
99,1403,iceland-a,PARTLY_FETCHED,,Чемпионат Исландии,ΙΣΛΑΝΔΙΑ,1000,0,0,0,0,0,0,0,0,0,_2021_2022,LEAGUE,41,0,0
100,642,ireland-league-cup,PARTLY_FETCHED,,Кубок Ирландии. Лиг куп,ΛΙΓΚ ΚΑΠ ΙΡΛΑΝΔΙΑΣ,1000,0,0,0,0,0,0,0,0,0,_2021_2022,CUP,11,0,0
101,1263,australia-a-league,PARTLY_FETCHED,"",Чемпионат Австралии.,ΑΥΣΤΡΑΛΙΑ - Α ΑΥΣΤΡΑΛΙΑΣ,16,64,315,504,153.65489258017075,248,3,141,104,3,_2021_2022,LEAGUE,34,80.29527318717025,208.03027486477734
102,732,netherlands-knvb-beker,PARTLY_FETCHED,"",Кубок Голландии,ΟΛΛΑΝΔΙΑ - ΚΥΠΕΛΛΟ ΟΛΛΑΝΔΙΑΣ,37,18,57,323,276.9317924783155,39,0,15,24,0,_2021_2022,CUP,2270,7.980777487684697,24.82680854921695
103,913,sweden-cupen,PARTLY_FETCHED,"",Кубок Швеции,ΣΟΥΗΔΙΑ - ΚΥΠΕΛΛΟ ΣΟΥΗΔΙΑΣ,1000,0,0,0,0,0,0,0,0,0,_2021_2022,CUP,19,0,0
104,1660,saudi-professional-league,PARTLY_FETCHED,,Чемпионат Саудовской Аравии,ΣΑΟΥΔΙΚΗ ΑΡΑΒΙΑ,1000,0,0,0,0,0,0,0,0,0,_2021_2022,LEAGUE,59,0,0
105,487,france-national,PARTLY_FETCHED,,Чемпионат Франции. Националь,Γ ΓΑΛΛΙΑΣ,1000,0,0,0,0,0,0,0,0,0,_2021_2022,LEAGUE,6,0,0
106,79,champions-league,PARTLY_FETCHED,"",Лига Чемпионов УЕФА,ΔΙΕΘΝΗ - ΤΣΑΜΠΙΟΝΣ ΛΙΓΚ,87,72,268,59,155.11283830343717,193,3,110,80,3,_2021_2022,INTERNATIONAL,2929,71.13587496680084,36.19884205018741
107,877,scotland-league-cup,PARTLY_FETCHED,"",Кубок Шотландии. LEAGUE CUP,ΣΚΩΤΙΑ - ΛΙΓΚ ΚΑΠ,1,1,13,2248,2264.0429207920793,12,0,0,12,0,_2021_2022,CUP,18,8.45,2.83
108,1452,a-lithoyanias,PARTLY_FETCHED,,Чемпионат Литвы,ΛΙΘΟΥΑΝΙΑ,1000,0,0,0,0,0,0,0,0,0,_2021_2022,LEAGUE,45,0,0
109,1388,bulgaria-a,PARTLY_FETCHED,,Чемпионат Болгарии,ΒΟΥΛΓΑΡΙΑ,1000,0,0,0,0,0,0,0,0,0,_2021_2022,LEAGUE,40,0,0
110,445,france-ligue-1,PARTLY_FETCHED,"",Чемпионат Франции. Первая лига,ΓΑΛΛΙΑ - Α ΓΑΛΛΙΑΣ,73,214,594,142,146.97780262321567,371,1,226,144,9,_2021_2022,LEAGUE,6,127.11087693712254,125.50248070687319
111,506,france-coupe,PARTLY_FETCHED,"",Кубок Франции,ΓΑΛΛΙΑ - ΚΥΠΕΛΛΟ ΓΑΛΛΙΑΣ,43,18,54,287,248.12114057116176,36,0,15,21,0,_2021_2022,CUP,6,12.30713057740789,26.584445929390807
112,1194,mexico-copa,PARTLY_FETCHED,,Кубок Мексики,ΚΥΠΕΛΛΟ ΜΕΞΙΚΟΥ,1000,0,0,0,0,0,0,0,0,0,_2021_2022,CUP,29,0,0
113,770,portugal-segunda-liga,PARTLY_FETCHED,,Чемпионат Португалии. Второй дивизион,Β ΠΟΡΤΟΓΑΛΙΑΣ,1000,0,0,0,0,0,0,0,0,0,_2021_2022,LEAGUE,2246,0,0
114,1353,nations-league,PARTLY_FETCHED,,Лига Наций УЕФА,UEFA NATIONS LEAGUE,1000,0,0,0,0,0,0,0,0,0,_2021_2022,INTERNATIONAL,2929,0,0
115,338,spain-laliga,PARTLY_FETCHED,"",Чемпионат Испании. Примера,ΙΣΠΑΝΙΑ - Α ΙΣΠΑΝΙΑΣ,34,259,509,326,329.5060198731377,242,5,96,141,8,_2021_2022,LEAGUE,4,102.26382164615082,101.19276018381466
116,98,greece-b,PARTLY_FETCHED,"",Чемпионат Греции. Лига 2,ΕΛΛΑΔΑ - ΣΟΥΠΕΡ ΛΙΓΚ 2,4,312,981,840,186.5364207362383,634,8,328,298,35,_2021_2022,LEAGUE,14091,150.44838253071265,388.4157451709441
117,2932,limpretadores,PARTLY_FETCHED,"",Кубок либретадорес,ΔΙΕΘΝΗ - ΛΙΜΠΕΡΤΑΔΟΡΕΣ,36,94,235,324,317.3371445398554,141,0,54,87,0,_2021_2022,INTERNATIONAL,2929,53.07123197850286,55.62684970232832
118,1361,gkolnt-kap,PARTLY_FETCHED,,Кубок голд,ΓΚΟΛΝΤ ΚΑΠ,1000,0,0,0,0,0,0,0,0,0,_2021_2022,INTERNATIONAL,2929,0,0
119,1364,albania-a,PARTLY_FETCHED,,Чемпионат Альбании,ΑΛΒΑΝΙΑ,1000,0,0,0,0,0,0,0,0,0,_2021_2022,LEAGUE,38,0,0
120,607,switzerland-challenge-league,PARTLY_FETCHED,,Чемпионат Швейцарии. Лига B,Β ΕΛΒΕΤΙΑΣ,1000,0,0,0,0,0,0,0,0,0,_2021_2022,LEAGUE,10,0,0
121,1352,euro,PARTLY_FETCHED,,Чемпионат Европы,EURO,1000,0,0,0,0,0,0,0,0,0,_2021_2022,INTERNATIONAL,2929,0,0
122,565,belgium-play-offs-1,PARTLY_FETCHED,,Чемпионат Бельгии. Плейоффс,ΠΛΕΙ ΟΦ ΒΕΛΓΙΟΥ,1000,0,0,0,0,0,0,0,0,0,_2021_2022,CUP,2379,0,0
123,843,scotland-championship,PARTLY_FETCHED,,Чемпионат Шотландии. Чемпионшип,ΣΚΩΤΙΑ - ΤΣΑΜΠΙΟΝΣΙΠ,1000,0,0,0,0,0,0,0,0,0,_2021_2022,LEAGUE,18,0,0
124,691,norway-nm-cup,PARTLY_FETCHED,"",Кубок Норвегии,ΝΟΡΒΗΓΙΑ - ΚΥΠΕΛΛΟ ΝΟΡΒΗΓΙΑΣ,28,11,50,390,391.62604300200815,39,0,12,27,0,_2021_2022,CUP,13,17.51817213344547,16.933170731707314
125,1109,copa-do-brasil,PARTLY_FETCHED,"",Кубок Бразилии,ΒΡΑΖΙΛΙΑ - ΚΥΠΕΛΛΟ ΒΡΑΖΙΛΙΑΣ,2,21,27,1235,1217.2289603960396,6,0,0,6,0,_2021_2022,CUP,25,1.83,8.49
126,1244,chile-primera-division,PARTLY_FETCHED,"",Чемпионат Чили,ΧΙΛΗ - Α ΧΙΛΗΣ,54,191,319,244,155.16772804975227,110,3,59,48,18,_2021_2022,LEAGUE,2136,34.25071505191857,66.73747547092077
127,692,netherlands-eredivisie,PARTLY_FETCHED,"",Чемпионат Голландии. Эрдивизи,ΟΛΛΑΝΔΙΑ - Α ΟΛΛΑΝΔΙΑΣ,27,136,536,412,189.45885482881332,400,9,198,193,0,_2021_2022,LEAGUE,2270,91.87561881052277,173.06307093782962
128,1360,africa-cup-of-nations,PARTLY_FETCHED,"",Кубок Африканских Наций,ΔΙΕΘΝΗ - ΚΥΠΕΛΛΟ ΕΘΝΩΝ ΑΦΡΙΚΗΣ,74,30,96,139,128.8490345612076,66,0,39,27,0,_2021_2022,INTERNATIONAL,2929,21.99591284163747,25.937647454956238
129,2105,italy-coppa-italia,PARTLY_FETCHED,"",Кубок Италии,ΙΤΑΛΙΑ - ΚΥΠΕΛΛΟ ΙΤΑΛΙΑΣ,72,16,100,143,110.53363034073735,84,0,51,33,0,_2021_2022,CUP,5,16.95890624921649,28.8961134227926
130,790,portugal-league-cup,PARTLY_FETCHED,"",Кубок Португалии. Лиг куп,ΠΟΡΤΟΓΑΛΙΑ - ΛΙΓΚ ΚΑΠ ΠΟΡΤΟΓΑΛΙΑΣ,61,3,30,210,223.13135785339443,27,0,12,15,0,_2021_2022,CUP,2246,11.857783679681917,7.2036734693877555
131,619,ireland-premier-division,PARTLY_FETCHED,"",Чемпионат Ирландии. Премьер-лига,ΙΡΛΑΝΔΙΑ - Α ΙΡΛΑΝΔΙΑΣ,56,78,256,224,157.24506134569555,167,5,89,73,11,_2021_2022,LEAGUE,11,47.60271605072835,72.0487432907445
132,1317,japan-cup,PARTLY_FETCHED,"",Кубок Японии,ΙΑΠΩΝΙΑ - ΚΥΠΕΛΛΟ,7,5,8,712,696.3519801980198,3,0,0,3,0,_2021_2022,CUP,35,1.1800000000000002,7.08
133,876,scotland-facup,PARTLY_FETCHED,"",Кубок Шотландии. FA CUP,ΣΚΩΤΙΑ - ΚΥΠΕΛΛΟ,80,5,14,120,99.83365668093198,9,0,6,3,0,_2021_2022,CUP,18,2.2666666666666666,9.742857142857142
134,1545,slovenia-a,PARTLY_FETCHED,,Чемпионат Словении,ΣΛΟΒΕΝΙΑ,1000,0,0,0,0,0,0,0,0,0,_2021_2022,LEAGUE,52,0,0
135,507,france-coupe-de-la-ligue,PARTLY_FETCHED,,Кубок франции. Лига куп,ΛΙΓΚ ΚΑΠ ΓΑΛΛΙΑΣ,1000,0,0,0,0,0,0,0,0,0,_2021_2022,CUP,6,0,0
136,1442,letonia,PARTLY_FETCHED,,Чемпионат Латвии,ΛΕΤΟΝΙΑ,1000,0,0,0,0,0,0,0,0,0,_2021_2022,LEAGUE,44,0,0
137,1362,kyp-synomospondion,PARTLY_FETCHED,,Кубок конфедерации,ΚΥΠ. ΣΥΝΟΜΟΣΠΟΝΔΙΩΝ,1000,0,0,0,0,0,0,0,0,0,_2021_2022,INTERNATIONAL,2929,0,0
138,750,polish-cup,PARTLY_FETCHED,"",Кубок Польшы,ΠΟΛΩΝΙΑ - ΚΥΠΕΛΛΟ ΠΟΛΩΝΙΑΣ,84,2,14,87,69.07519186127881,12,0,9,3,0,_2021_2022,CUP,15,2.980296756383713,9.691304347826087
139,641,ireland-fai-cup,PARTLY_FETCHED,"",Кубок Ирландии,ΙΡΛΑΝΔΙΑ - ΚΥΠΕΛΛΟ ΙΡΛΑΝΔΙΑΣ,1000,8,9,0,0,1,1,0,0,0,_2021_2022,CUP,11,0,0
140,1051,argentina-cup,PARTLY_FETCHED,"",Кубок Аргентины,ΑΡΓΕΝΤΙΝΗ - ΚΟΠΑ ΝΤΕ ΛΑ ΛΙΓΚΑ ΠΡΟΦΕΣΙΟΝΑΛ,18,64,271,502,144.36067090452494,207,3,117,87,0,_2021_2022,CUP,23,60.22342617950165,190.49626427366724
141,643,cyprus-a,PARTLY_FETCHED,"",Чемпионат Кипра,ΚΥΠΡΟΣ - Α ΚΥΠΡΟΥ,50,127,260,263,181.3205739054802,130,0,67,63,3,_2021_2022,LEAGUE,12,41.21317793429947,70.93916056990848
142,595,denmark-landspokal-cup,PARTLY_FETCHED,"",Кубок Дании,ΔΑΝΙΑ - ΚΥΠΕΛΛΟ ΔΑΝΙΑΣ,78,5,33,124,90.48183177356425,28,1,18,9,0,_2021_2022,CUP,9,5.987962757257049,18.23485704368953
143,970,czech-cup,PARTLY_FETCHED,"",Кубок Чехии,ΤΣΕΧΙΑ - ΚΥΠΕΛΛΟ ΤΣΕΧΙΑΣ,65,5,11,175,174.72150306748466,6,0,3,3,0,_2021_2022,CUP,2307,0.8065030674846625,1.193006134969325
144,1274,australia-cup,PARTLY_FETCHED,"",Кубок Австралии,ΑΥΣΤΡΑΛΙΑ - ΚΥΠΕΛΛΟ ΑΥΣΤΡΑΛΙΑΣ,3,0,6,1224,1219.4939603960397,6,0,0,6,0,_2021_2022,CUP,34,4.2,6
145,3007,europe-super-cup,PARTLY_FETCHED,,Супер кубок Европы,ΔΙΕΘΝΗ - ΣΟΥΠΕΡ ΚΑΠ ΕΥΡΩΠΗΣ,1000,1,1,0,0,0,0,0,0,0,_2021_2022,INTERNATIONAL,2929,0,0
146,1416,israel-a,PARTLY_FETCHED,,Чемпионат Израиля,ΙΣΡΑΗΛ,1000,0,0,0,0,0,0,0,0,0,_2021_2022,LEAGUE,42,0,0
147,995,finland-cup,PARTLY_FETCHED,,Кубок Финляндии,ΚΥΠΕΛΛΟ ΦΙΝΛΑΝΔΙΑΣ,1000,0,0,0,0,0,0,0,0,0,_2021_2022,CUP,22,0,0
148,521,austria-2-liga,PARTLY_FETCHED,,Чемпионат Австрии. Бундеслига 2,Β ΑΥΣΤΡΙΑΣ,1000,0,0,0,0,0,0,0,0,0,_2021_2022,LEAGUE,7,0,0
149,618,swiss-cup,PARTLY_FETCHED,"",Кубок Швейцарии,ΕΛΒΕΤΙΑ - ΚΥΠΕΛΛΟ ΕΛΒΕΤΙΑΣ,22,3,15,450,439.15735623063557,12,0,3,9,0,_2021_2022,CUP,10,2.716969696969697,7
150,1626,morocco-a,PARTLY_FETCHED,,Чемпионат Мароко,ΜΑΡΟΚΟ,1000,0,0,0,0,0,0,0,0,0,_2021_2022,LEAGUE,57,0,0
151,1025,argentina-b,PARTLY_FETCHED,,Чемпионат Аргентины. Вторая лига,Β ΑΡΓΕΝΤΙΝΗΣ,1000,0,0,0,0,0,0,0,0,0,_2021_2022,LEAGUE,23,0,0
152,1609,iran-persian-gulf-pro-league,PARTLY_FETCHED,,Чемпионат Ирана,ΙΡΑΝ,1000,0,0,0,0,0,0,0,0,0,_2021_2022,LEAGUE,56,0,0
153,984,finland-ykkonen,PARTLY_FETCHED,,Чемпионат Финляндии. Юккёнен,Β ΦΙΝΛΑΝΔΙΑΣ,1000,0,0,0,0,0,0,0,0,0,_2021_2022,LEAGUE,22,0,0
154,1577,algeria-a,PARTLY_FETCHED,,Чемпионат алжир,ΑΛΓΕΡΙΑ,1000,0,0,0,0,0,0,0,0,0,_2021_2022,LEAGUE,54,0,0
155,556,belgium-proximus-league,PARTLY_FETCHED,,Чемпионат Бельгии. Вторая лига,Β ΒΕΛΓΙΟΥ,1000,0,0,0,0,0,0,0,0,0,_2021_2022,LEAGUE,2379,0,0
156,1358,euro-u21,PARTLY_FETCHED,,Чемпионат Европы до 21 года,EURO U21,1000,0,0,0,0,0,0,0,0,0,_2021_2022,INTERNATIONAL,2929,0,0
157,1336,china-cup,PARTLY_FETCHED,,Кубок Китая,ΚΥΠΕΛΛΟ ΚΙΝΑΣ,1000,0,0,0,0,0,0,0,0,0,_2021_2022,CUP,36,0,0
158,1594,uae-pro-league,PARTLY_FETCHED,,Чемпионат ОАЭ,Η.Α.Ε.,1000,0,0,0,0,0,0,0,0,0,_2021_2022,LEAGUE,55,0,0
159,582,denmark-b,PARTLY_FETCHED,,Чемпионат Дании. Вторая лига,Β ΔΑΝΙΑΣ,1000,0,0,0,0,0,0,0,0,0,_2021_2022,LEAGUE,9,0,0
160,1431,croatia-a,PARTLY_FETCHED,,Чемпионат Хорватии,ΚΡΟΑΤΙΑ,1000,0,0,0,0,0,0,0,0,0,_2021_2022,LEAGUE,43,0,0
161,952,turkish-cup,PARTLY_FETCHED,"",Кубок Турции,ΤΟΥΡΚΙΑ - ΣΟΥΠΕΡ ΚΑΠ ΤΟΥΡΚΙΑΣ,9,2,5,697,695.6969801980198,3,0,0,3,0,_2021_2022,CUP,20,0.54,1.08
162,1174,colombia-copa-aguila,PARTLY_FETCHED,"",Кубок Колумбии,ΚΟΛΟΜΒΙΑ - ΚΥΠΕΛΛΟ ΚΟΛΟΜΒΙΑΣ,48,21,93,267,181.51518890936913,72,0,36,36,0,_2021_2022,CUP,28,19.730188909369126,51.070065360188885
163,656,cyprus-cup,PARTLY_FETCHED,"",Кубок Кипра,ΚΥΠΡΟΣ - ΚΥΠΕΛΛΟ ΚΥΠΡΟΥ,45,15,42,282,218.86055282724288,27,0,12,15,0,_2021_2022,CUP,12,7.526978653530376,30.529819376026285
164,1354,nations-league-a,PARTLY_FETCHED,"",Лига Наций УЕФА група A,ΔΙΕΘΝΗ - NATIONS LEAGUE GROUP A,95,1,10,11,15.29131288534341,9,0,9,0,0,_2021_2022,INTERNATIONAL,2929,1.9939702280007536,0.6551724137931034
